Index;Date;Price;Total Volume;Type;Region;
1;2015-12-27;1200;1;Online;A;
2;2015-12-13;1900;1;Print;B;
3;2015-11-29;1200;1;Print;C;
4;2015-11-15;2500;1;Print;D;
5;2015-11-1;2500;1;Online;F;
6;2015-10-18;2000;1;Print;G;
7;2015-10-4;12000;3;Print;H;
8;2015-9-20;4500;1;Online;I;
9;2015-9-6;21000;4;Online;J;
10;23.8.2016;1500;1;Online;K;
11;2015-8-9;540;1;Online;L;
12;2015-7-26;3500;1;Print;M;
13;2015-7-12;3400;1;Online;N;
14;2015-6-28;2000;1;Online;O;
15;14.6.2017;1500;1;Print;P;
16;2015-5-31;1300;1;Print;Y;
17;2015-5-17;1500;1;Print;R;
18;2015-5-3;1400,45;2;Online;S;
19;2015-4-19;4500,90;2;Print;T;
20;2015-4-5;1234;1;Print;U;
21;2015-3-22;2456,70;1;Online;V;
22;2015-3-8;1456,57;1;Online;W;
23;2015-2-22;1200,76;1;Online;X;
24;2015-2-8;1200,76;1;Online;Y;
25;2015-1-25;1200,65;1;Print;Z;
26;2015-1-11;1200,76;1;Online;A;
27;2015-12-27;1200,43;1;Online;B;
28;2015-12-13;1200,76;1;Print;C;
29;2015-11-29;1200,76;1;Print;D;
30;2015-11-15;1200,76;1;Print;F;
31;2015-11-1;1500,56;1;Online;G;
32;2015-10-18;35690,98;5;Print;H;
33;2015-10-4;3567;2;Print;I;
34;2015-9-20;4587;2;Online;J;
35;2015-9-6;2879;2;Online;K;
36;2015-8-23;5690,87;2;Online;L;
37;2015-8-9;3567;1;Online;M;
38;2015-7-26;4587;1;Print;N;
39;2015-7-12;2879,54;1;Online;O;
40;2015-6-28;3567;1;Online;P;
41;2015-6-14;4587,54;1;Print;Y;
42;2015-5-31;2879;1;Print;R;
43;2015-5-17;6200,54;3;Print;S;
44;2015-5-3;0;1;Online;T;
45;2015-4-19;13945,32;4;Print;U;
46;2015-4-5;1200;1;Print;V;
47;2015-3-22;1900;1;Online;W;
48;2015-3-8;1200;1;Online;X;
49;2015-2-22;2500;1;Online;Y;
50;2015-2-8;1200;1;Online;Z;
51;2015-1-25;1900;1;Print;A;
52;2015-1-11;1200;1;Online;B;
53;2015-12-27;2500;1;Online;C;
54;2015-12-13;2500;2;Print;D;
55;2015-11-29;2000;2;Print;F;
56;2015-11-15;12000;1;Print;G;
57;2015-11-1;4500;1;Online;H;
58;2015-10-18;21000;1;Print;I;
59;2015-10-4;1500;1;Print;J;
60;2015-9-20;540;1;Online;K;
61;2015-9-6;3500;1;Online;L;
62;2015-8-23;3400;1;Online;M;
63;2015-8-9;2000;1;Online;N;
64;2015-7-26;1500;1;Print;O;
65;2015-7-12;1300;1;Online;P;
66;2015-6-28;1500;1;Online;Y;
67;2015-6-14;1400,45;1;Print;R;
68;2015-5-31;4500,90;5;Print;S;
69;2015-5-17;1234;2;Print;T;
70;2015-5-3;2456,70;2;Online;U;
71;2015-4-19;1456,57;2;Print;V;
72;2015-4-5;1200,76;2;Print;W;
73;2015-3-22;1200,76;1;Online;X;
74;2015-3-8;1200,65;1;Online;Y;
75;2015-2-22;1200,76;1;Online;Z;
76;2015-2-8;1200,43;1;Online;A;
77;2015-1-25;1200,76;1;Print;B;
78;2015-1-11;1200,76;1;Online;C;
79;2015-12-27;1200,76;3;Online;D;
80;2015-12-13;1500,56;1;Print;F;
81;2015-11-29;35690,98;4;Print;G;
82;2015-11-15;3567;1;Print;H;
83;2015-11-1;4587;1;Online;I;
84;2015-10-18;2879;1;Print;J;
85;2015-10-4;5690,87;1;Print;K;
86;2015-9-20;3567;1;Online;L;
87;2015-9-6;4587;1;Online;M;
88;2015-8-23;2879,54;1;Online;N;
89;2015-8-9;3567;1;Online;O;
90;2015-7-26;4587,54;2;Print;P;
91;2015-7-12;2879;2;Online;Y;
92;2015-6-28;6200,54;1;Online;R;
93;2015-6-14;0;1;Print;S;
94;2015-5-31;13945,32;1;Print;T;
95;2015-5-17;1200;1;Print;U;
96;2015-5-3;1900;1;Online;V;
97;2015-4-19;1200;1;Print;W;
98;2015-4-5;2500;1;Print;X;
99;2015-3-22;1200;1;Online;Y;
100;2015-3-8;1900;1;Online;Z;
101;2015-2-22;1200;1;Online;A;
102;2015-2-8;2500;1;Online;B;
103;2015-1-25;2500;1;Print;C;
104;2015-1-11;2000;5;Online;D;
105;2015-12-27;12000;2;Online;F;
106;2015-12-13;4500;2;Print;G;
107;2015-11-29;21000;2;Print;H;
108;2015-11-15;1500;2;Print;I;
109;2015-11-1;540;1;Online;J;
110;2015-10-18;3500;1;Print;K;
111;2015-10-4;3400;1;Print;L;
112;2015-9-20;2000;1;Online;M;
113;2015-9-6;1500;1;Online;N;
114;2015-8-23;1300;1;Online;O;
115;2015-8-9;1500;3;Online;P;
116;2015-7-26;1400,45;1;Print;Y;
117;2015-7-12;4500,90;4;Online;R;
118;2015-6-28;1234;1;Online;S;
119;2015-6-14;2456,70;1;Print;T;
120;2015-5-31;1456,57;1;Print;U;
121;2015-5-17;1200,76;1;Print;V;
122;2015-5-3;1200,76;1;Online;W;
123;2015-4-19;1200,65;1;Print;X;
124;2015-4-5;1200,76;1;Print;Y;
125;2015-3-22;1200,43;1;Online;Z;
126;2015-3-8;1200,76;2;Online;A;
127;2015-2-22;1200,76;2;Online;B;
128;2015-2-8;1200,76;1;Online;C;
129;2015-1-25;1500,56;1;Print;D;
130;2015-1-11;35690,98;1;Online;F;
131;2015-12-27;3567;1;Online;G;
132;2015-12-13;4587;1;Print;H;
133;2015-11-29;2879;1;Print;I;
134;2015-11-15;5690,87;1;Print;J;
135;2015-11-1;3567;1;Online;K;
136;2015-10-18;4587;1;Print;L;
137;2015-10-4;2879,54;1;Print;M;
138;2015-9-20;3567;1;Online;N;
139;2015-9-6;4587,54;1;Online;O;
140;2015-8-23;2879;5;Online;P;
141;2015-8-9;6200,54;2;Online;Y;
142;2015-7-26;0;2;Print;R;
143;2015-7-12;13945,32;2;Online;S;
144;2015-6-28;1200;2;Online;T;
145;2015-6-14;1900;1;Print;U;
146;2015-5-31;1200;1;Print;V;
147;2015-5-17;2500;1;Print;W;
148;2015-5-3;1200;1;Online;X;
149;2015-4-19;1900;1;Print;Y;
150;2015-4-5;1200;1;Print;Z;
151;2015-3-22;2500;3;Online;A;
152;2015-3-8;2500;1;Online;B;
153;2015-2-22;2000;4;Online;C;
154;2015-2-8;12000;1;Online;D;
155;2015-1-25;4500;1;Print;F;
156;2015-1-11;21000;1;Online;G;
157;2015-12-27;1500;1;Online;H;
158;2015-12-13;540;1;Print;I;
159;2015-11-29;3500;1;Print;J;
160;2015-11-15;3400;1;Print;K;
161;2015-11-1;2000;1;Online;L;
162;2015-10-18;1500;2;Print;M;
163;2015-10-4;1300;2;Print;N;
164;2015-9-20;1500;1;Online;O;
165;2015-9-6;1400,45;1;Online;P;
166;2015-8-23;4500,90;1;Online;Y;
167;2015-8-9;1234;1;Online;R;
168;2015-7-26;2456,70;1;Print;S;
169;2015-7-12;1456,57;1;Online;T;
170;2015-6-28;1200,76;1;Online;U;
171;2015-6-14;1200,76;1;Print;V;
172;2015-5-31;1200,65;1;Print;W;
173;2015-5-17;1200,76;1;Print;X;
174;2015-5-3;1200,43;1;Online;Y;
175;2015-4-19;1200,76;1;Print;Z;
176;2015-4-5;1200,76;5;Print;A;
177;2015-3-22;1200,76;2;Online;B;
178;2015-3-8;1500,56;2;Online;C;
179;2015-2-22;35690,98;2;Online;D;
180;2015-2-8;3567;2;Online;F;
181;2015-1-25;4587;1;Print;G;
182;2015-1-11;2879;1;Online;H;
183;2015-12-27;5690,87;1;Online;I;
184;2015-12-13;3567;1;Print;J;
185;2015-11-29;4587;1;Print;K;
186;2015-11-15;2879,54;1;Print;L;
187;2015-11-1;3567;3;Online;M;
188;2015-10-18;4587,54;1;Print;N;
189;2015-10-4;2879;4;Print;O;
190;2015-9-20;6200,54;1;Online;P;
191;2015-9-6;0;1;Online;Y;
192;2015-8-23;13945,32;1;Online;R;
193;2015-8-9;1200;1;Online;S;
194;2015-7-26;1900;1;Print;T;
195;2015-7-12;1200;1;Online;U;
196;2015-6-28;2500;1;Online;V;
197;2015-6-14;1200;1;Print;W;
198;2015-5-31;1900;2;Print;X;
199;2015-5-17;1200;2;Print;Y;
200;2015-5-3;2500;1;Online;Z;
201;2015-4-19;2500;1;Print;A;
202;2015-4-5;2000;1;Print;B;
203;2015-3-22;12000;1;Online;C;
204;2015-3-8;4500;1;Online;D;
205;2015-2-22;21000;1;Online;F;
206;2015-2-8;1500;1;Online;G;
207;2015-1-25;540;1;Print;H;
208;2015-1-11;3500;1;Online;I;
209;2015-12-27;3400;1;Online;J;
210;2015-12-13;2000;1;Print;K;
211;2015-11-29;1500;1;Print;L;
212;2015-11-15;1300;5;Print;M;
213;2015-11-1;1500;2;Online;N;
214;2015-10-18;1400,45;2;Print;O;
215;2015-10-4;4500,90;2;Print;P;
216;2015-9-20;1234;2;Online;Y;
217;2015-9-6;2456,70;1;Online;R;
218;2015-8-23;1456,57;1;Online;S;
219;2015-8-9;1200,76;1;Online;T;
220;2015-7-26;1200,76;1;Print;U;
221;2015-7-12;1200,65;1;Online;V;
222;2015-6-28;1200,76;1;Online;W;
223;2015-6-14;1200,43;3;Print;X;
224;2015-5-31;1200,76;1;Print;Y;
225;2015-5-17;1200,76;4;Print;Z;
226;2015-5-3;1200,76;1;Online;A;
227;2015-4-19;1500,56;1;Print;B;
228;2015-4-5;35690,98;1;Print;C;
229;2015-3-22;3567;1;Online;D;
230;2015-3-8;4587;1;Online;F;
231;2015-2-22;2879;1;Online;G;
232;2015-2-8;5690,87;1;Online;H;
233;2015-1-25;3567;1;Print;I;
234;2015-1-11;4587;2;Online;J;
235;2015-12-27;2879,54;2;Online;K;
236;2015-12-13;3567;1;Print;L;
237;2015-11-29;4587,54;1;Print;M;
238;2015-12-27;2879;1;Print;N;
239;2015-12-13;6200,54;1;Online;O;
240;2015-11-29;0;1;Print;P;
241;2015-11-15;13945,32;1;Print;Y;
242;2015-11-1;1200;1;Online;R;
243;2015-10-18;1900;1;Online;S;
244;2015-10-4;1200;1;Online;T;
245;2015-9-20;2500;1;Online;U;
246;2015-9-6;1200;1;Print;V;
247;23.8.2016;1900;1;Online;W;
248;2015-8-9;1200;5;Online;X;
249;2015-7-26;2500;2;Print;Y;
250;2015-7-12;2500;2;Print;Z;
251;2015-6-28;2000;2;Print;A;
252;14.6.2017;12000;2;Online;B;
253;2015-5-31;4500;1;Print;C;
254;2015-5-17;21000;1;Print;D;
255;2015-5-3;1500;1;Online;F;
256;2015-4-19;540;1;Online;G;
257;2015-4-5;3500;1;Online;H;
258;2015-3-22;3400;1;Online;I;
259;2015-3-8;2000;3;Print;J;
260;2015-2-22;1500;1;Online;K;
261;2015-2-8;1300;4;Online;L;
262;2015-1-25;1500;1;Print;M;
263;2015-1-11;1400,45;1;Print;N;
264;2015-12-27;4500,90;1;Print;O;
265;2015-12-13;1234;1;Online;P;
266;2015-11-29;2456,70;1;Print;Y;
267;2015-11-15;1456,57;1;Print;R;
268;2015-11-1;1200,76;1;Online;S;
269;2015-10-18;1200,76;1;Online;T;
270;2015-10-4;1200,65;2;Online;U;
271;2015-9-20;1200,76;2;Online;V;
272;2015-9-6;1200,43;1;Print;W;
273;2015-8-23;1200,76;1;Online;X;
274;2015-8-9;1200,76;1;Online;Y;
275;2015-7-26;1200,76;1;Print;Z;
276;2015-7-12;1500,56;1;Print;A;
277;2015-6-28;35690,98;1;Print;B;
278;2015-6-14;3567;1;Online;C;
279;2015-5-31;4587;1;Print;D;
280;2015-5-17;2879;1;Print;F;
281;2015-5-3;5690,87;1;Online;G;
282;2015-4-19;3567;1;Online;H;
283;2015-4-5;4587;1;Online;I;
284;2015-3-22;2879,54;5;Online;J;
285;2015-3-8;3567;2;Print;K;
286;2015-2-22;4587,54;2;Online;L;
287;2015-2-8;2879;2;Online;M;
288;2015-1-25;6200,54;2;Print;N;
289;2015-1-11;0;1;Print;O;
290;2015-12-27;13945,32;1;Print;P;
291;2015-12-13;1200;1;Online;Y;
292;2015-11-29;1900;1;Print;R;
293;2015-11-15;1200;1;Print;S;
294;2015-11-1;2500;1;Online;T;
295;2015-10-18;1200;3;Online;U;
296;2015-10-4;1900;1;Online;V;
297;2015-9-20;1200;4;Online;W;
298;2015-9-6;2500;1;Print;X;
299;2015-8-23;2500;1;Online;Y;
300;2015-8-9;2000;1;Online;Z;
301;2015-7-26;12000;1;Print;A;
302;2015-7-12;4500;1;Print;B;
303;2015-6-28;21000;1;Print;C;
304;2015-6-14;1500;1;Online;D;
305;2015-5-31;540;1;Print;F;
306;2015-5-17;3500;2;Print;G;
307;2015-5-3;3400;2;Online;H;
308;2015-4-19;2000;1;Online;I;
309;2015-4-5;1500;1;Online;J;
310;2015-3-22;1300;1;Online;K;
311;2015-3-8;1500;1;Print;L;
312;2015-2-22;1400,45;1;Online;M;
313;2015-2-8;4500,90;1;Online;N;
314;2015-1-25;1234;1;Print;O;
315;2015-1-11;2456,70;1;Print;P;
316;2015-12-27;1456,57;1;Print;Y;
317;2015-12-13;1200,76;1;Online;R;
318;2015-11-29;1200,76;1;Print;S;
319;2015-11-15;1200,65;1;Print;T;
320;2015-11-1;1200,76;5;Online;U;
321;2015-10-18;1200,43;2;Online;V;
322;2015-10-4;1200,76;2;Online;W;
323;2015-9-20;1200,76;2;Online;X;
324;2015-9-6;1200,76;2;Print;Y;
325;2015-8-23;1500,56;1;Online;Z;
326;2015-8-9;35690,98;1;Online;A;
327;2015-7-26;3567;1;Print;B;
328;2015-7-12;4587;1;Print;C;
329;2015-6-28;2879;1;Print;D;
330;2015-6-14;5690,87;1;Online;F;
331;2015-5-31;3567;3;Print;G;
332;2015-5-17;4587;1;Print;H;
333;2015-5-3;2879,54;4;Online;I;
334;2015-4-19;3567;1;Online;J;
335;2015-4-5;4587,54;1;Online;K;
336;2015-3-22;2879;1;Online;L;
337;2015-3-8;6200,54;1;Print;M;
338;2015-2-22;0;1;Online;N;
339;2015-2-8;13945,32;1;Online;O;
340;2015-1-25;1200;1;Print;P;
341;2015-1-11;1900;1;Print;Y;
342;2015-12-27;1200;2;Print;R;
343;2015-12-13;2500;2;Online;S;
344;2015-11-29;1200;1;Print;T;
345;2015-11-15;1900;1;Print;U;
346;2015-11-1;1200;1;Online;V;
347;2015-10-18;2500;1;Online;W;
348;2015-10-4;2500;1;Online;X;
349;2015-9-20;2000;1;Online;Y;
350;2015-9-6;12000;1;Print;Z;
351;2015-8-23;4500;1;Online;A;
352;2015-8-9;21000;1;Online;B;
353;2015-7-26;1500;1;Print;C;
354;2015-7-12;540;1;Print;D;
355;2015-6-28;3500;1;Print;F;
356;2015-6-14;3400;5;Online;G;
357;2015-5-31;2000;2;Print;H;
358;2015-5-17;1500;2;Print;I;
359;2015-5-3;1300;2;Online;J;
360;2015-4-19;1500;2;Online;K;
361;2015-4-5;1400,45;1;Online;L;
362;2015-3-22;4500,90;1;Online;M;
363;2015-3-8;1234;1;Print;N;
364;2015-2-22;2456,70;1;Online;O;
365;2015-2-8;1456,57;1;Online;P;
366;2015-1-25;1200,76;1;Print;Y;
367;2015-1-11;1200,76;3;Print;R;
368;2015-12-27;1200,65;1;Print;S;
369;2015-12-13;1200,76;4;Online;T;
370;2015-11-29;1200,43;1;Print;U;
371;2015-11-15;1200,76;1;Print;V;
372;2015-11-1;1200,76;1;Online;W;
373;2015-10-18;1200,76;1;Online;X;
374;2015-10-4;1500,56;1;Online;Y;
375;2015-9-20;35690,98;1;Online;Z;
376;2015-9-6;3567;1;Print;A;
377;2015-8-23;4587;1;Online;B;
378;2015-8-9;2879;2;Online;C;
379;2015-7-26;5690,87;2;Print;D;
380;2015-7-12;3567;1;Print;F;
381;2015-6-28;4587;1;Print;G;
382;2015-6-14;2879,54;1;Online;H;
383;2015-5-31;3567;1;Print;I;
384;2015-5-17;4587,54;1;Print;J;
385;2015-5-3;2879;1;Online;K;
386;2015-4-19;6200,54;1;Online;L;
387;2015-4-5;0;1;Online;M;
388;2015-3-22;13945,32;1;Online;N;
389;2015-3-8;1200;1;Print;O;
390;2015-2-22;1900;1;Online;P;
391;2015-2-8;1200;1;Online;Y;
392;2015-1-25;2500;5;Print;R;
393;2015-1-11;1200;2;Print;S;
394;2015-12-27;1900;2;Print;T;
395;2015-12-13;1200;2;Online;U;
396;2015-11-29;2500;2;Print;V;
397;2015-11-15;2500;1;Print;W;
398;2015-11-1;2000;1;Online;X;
399;2015-10-18;12000;1;Online;Y;
400;2015-10-4;4500;1;Online;Z;
401;2015-9-20;21000;1;Online;A;
402;2015-9-6;1500;1;Print;B;
403;2015-8-23;540;3;Online;C;
404;2015-8-9;3500;1;Online;D;
405;2015-7-26;3400;4;Print;F;
406;2015-7-12;2000;1;Print;G;
407;2015-6-28;1500;1;Print;H;
408;2015-6-14;1300;1;Online;I;
409;2015-5-31;1500;1;Print;J;
410;2015-5-17;1400,45;1;Print;K;
411;2015-5-3;4500,90;1;Online;L;
412;2015-4-19;1234;1;Online;M;
413;2015-4-5;2456,70;1;Online;N;
414;2015-3-22;1456,57;2;Online;O;
415;2015-3-8;1200,76;2;Print;P;
416;2015-2-22;1200,76;1;Online;Y;
417;2015-2-8;1200,65;1;Online;R;
418;2015-1-25;1200,76;1;Print;S;
419;2015-1-11;1200,43;1;Print;T;
420;2015-12-27;1200,76;1;Print;U;
421;2015-12-13;1200,76;1;Online;V;
422;2015-11-29;1200,76;1;Print;W;
423;2015-11-15;1500,56;1;Print;X;
424;2015-11-1;35690,98;1;Online;Y;
425;2015-10-18;3567;1;Online;Z;
426;2015-10-4;4587;1;Online;A;
427;2015-9-20;2879;1;Online;B;
428;2015-9-6;5690,87;5;Print;C;
429;2015-8-23;3567;2;Online;D;
430;2015-8-9;4587;2;Online;F;
431;2015-7-26;2879,54;2;Print;G;
432;2015-7-12;3567;2;Print;H;
433;2015-6-28;4587,54;1;Print;I;
434;2015-6-14;2879;1;Online;J;
435;2015-5-31;6200,54;1;Print;K;
436;2015-5-17;0;1;Print;L;
437;2015-5-3;13945,32;1;Online;M;
438;2015-4-19;1200;1;Online;N;
439;2015-4-5;1900;3;Online;O;
440;2015-3-22;1200;1;Online;P;
441;2015-3-8;2500;4;Print;Y;
442;2015-2-22;1200;1;Online;R;
443;2015-2-8;1900;1;Online;S;
444;2015-1-25;1200;1;Print;T;
445;2015-1-11;2500;1;Print;U;
446;2015-12-27;2500;1;Print;V;
447;2015-12-13;2000;1;Online;W;
448;2015-11-29;12000;1;Print;X;
449;2015-11-15;4500;1;Print;Y;
450;2015-11-1;21000;2;Online;Z;
451;2015-10-18;1500;2;Online;A;
452;2015-10-4;540;1;Online;B;
453;2015-9-20;3500;1;Online;C;
454;2015-9-6;3400;1;Print;D;
455;2015-8-23;2000;1;Online;F;
456;2015-8-9;1500;1;Online;G;
457;2015-7-26;1300;1;Print;H;
458;2015-7-12;1500;1;Print;I;
459;2015-6-28;1400,45;1;Print;J;
460;2015-6-14;4500,90;1;Online;K;
461;2015-5-31;1234;1;Print;L;
462;2015-5-17;2456,70;1;Print;M;
463;2015-5-3;1456,57;1;Online;N;
464;2015-4-19;1200,76;5;Online;O;
465;2015-4-5;1200,76;2;Online;P;
466;2015-3-22;1200,65;2;Online;Y;
467;2015-3-8;1200,76;2;Print;R;
468;2015-2-22;1200,43;2;Online;S;
469;2015-2-8;1200,76;1;Online;T;
470;2015-1-25;1200,76;1;Print;U;
471;2015-1-11;1200,76;1;Print;V;
472;2015-12-27;1500,56;1;Print;W;
473;2015-12-13;35690,98;1;Online;X;
474;2015-11-29;3567;1;Print;Y;
475;2015-12-27;4587;3;Print;Z;
476;2015-12-13;2879;1;Online;A;
477;2015-11-29;5690,87;4;Online;B;
478;2015-11-15;3567;1;Online;C;
479;2015-11-1;4587;1;Online;D;
480;2015-10-18;2879,54;1;Print;F;
481;2015-10-4;3567;1;Online;G;
482;2015-9-20;4587,54;1;Online;H;
483;2015-9-6;2879;1;Print;I;
484;23.8.2016;6200,54;1;Print;J;
485;2015-8-9;0;1;Print;K;
486;2015-7-26;13945,32;2;Online;L;
487;2015-7-12;1200;2;Print;M;
488;2015-6-28;1900;1;Print;N;
489;14.6.2017;1200;1;Online;O;
490;2015-5-31;2500;1;Online;P;
491;2015-5-17;1200;1;Online;Y;
492;2015-5-3;1900;1;Online;R;
493;2015-4-19;1200;1;Print;S;
494;2015-4-5;2500;1;Online;T;
495;2015-3-22;2500;1;Online;U;
496;2015-3-8;2000;1;Print;V;
497;2015-2-22;12000;1;Print;W;
498;2015-2-8;4500;1;Print;X;
499;2015-1-25;21000;1;Online;Y;
500;2015-1-11;1500;5;Print;Z;
501;2015-12-27;540;2;Print;A;
502;2015-12-13;3500;2;Online;B;
503;2015-11-29;3400;2;Online;C;
504;2015-11-15;2000;2;Online;D;
505;2015-11-1;1500;1;Online;F;
506;2015-10-18;1300;1;Print;G;
507;2015-10-4;1500;1;Online;H;
508;2015-9-20;1400,45;1;Online;I;
509;2015-9-6;4500,90;1;Print;J;
510;2015-8-23;1234;1;Print;K;
511;2015-8-9;2456,70;3;Print;L;
512;2015-7-26;1456,57;1;Online;M;
513;2015-7-12;1200,76;4;Print;N;
514;2015-6-28;1200,76;1;Print;O;
515;2015-6-14;1200,65;1;Online;P;
516;2015-5-31;1200,76;1;Online;Y;
517;2015-5-17;1200,43;1;Online;R;
518;2015-5-3;1200,76;1;Online;S;
519;2015-4-19;1200,76;1;Print;T;
520;2015-4-5;1200,76;1;Online;U;
521;2015-3-22;1500,56;1;Online;V;
522;2015-3-8;35690,98;2;Print;W;
523;2015-2-22;3567;2;Print;X;
524;2015-2-8;4587;1;Print;Y;
525;2015-1-25;2879;1;Online;Z;
526;2015-1-11;5690,87;1;Print;A;
527;2015-12-27;3567;1;Print;B;
528;2015-12-13;4587;1;Online;C;
529;2015-11-29;2879,54;1;Online;D;
530;2015-11-15;3567;1;Online;F;
531;2015-11-1;4587,54;1;Online;G;
532;2015-10-18;2879;1;Print;H;
533;2015-10-4;6200,54;1;Online;I;
534;2015-9-20;0;1;Online;J;
535;2015-9-6;13945,32;1;Print;K;
536;2015-8-23;1200;5;Print;L;
537;2015-8-9;1900;2;Print;M;
538;2015-7-26;1200;2;Online;N;
539;2015-7-12;2500;2;Print;O;
540;2015-6-28;1200;2;Print;P;
541;2015-6-14;1900;1;Online;Y;
542;2015-5-31;1200;1;Online;R;
543;2015-5-17;2500;1;Online;S;
544;2015-5-3;2500;1;Online;T;
545;2015-4-19;2000;1;Print;U;
546;2015-4-5;12000;1;Online;V;
547;2015-3-22;4500;3;Online;W;
548;2015-3-8;21000;1;Print;X;
549;2015-2-22;1500;4;Print;Y;
550;2015-2-8;540;1;Print;Z;
551;2015-1-25;3500;1;Online;A;
552;2015-1-11;3400;1;Print;B;
553;2015-12-27;2000;1;Print;C;
554;2015-12-13;1500;1;Online;D;
555;2015-11-29;1300;1;Online;F;
556;2015-11-15;1500;1;Online;G;
557;2015-11-1;1400,45;1;Online;H;
558;2015-10-18;4500,90;2;Print;I;
559;2015-10-4;1234;2;Online;J;
560;2015-9-20;2456,70;1;Online;K;
561;2015-9-6;1456,57;1;Print;L;
562;2015-8-23;1200,76;1;Print;M;
563;2015-8-9;1200,76;1;Print;N;
564;2015-7-26;1200,65;1;Online;O;
565;2015-7-12;1200,76;1;Print;P;
566;2015-6-28;1200,43;1;Print;Y;
567;2015-6-14;1200,76;1;Online;R;
568;2015-5-31;1200,76;1;Online;S;
569;2015-5-17;1200,76;1;Online;T;
570;2015-5-3;1500,56;1;Online;U;
571;2015-4-19;35690,98;1;Print;V;
572;2015-4-5;3567;5;Online;W;
573;2015-3-22;4587;2;Online;X;
574;2015-3-8;2879;2;Print;Y;
575;2015-2-22;5690,87;2;Print;Z;
576;2015-2-8;3567;2;Print;A;
577;2015-1-25;4587;1;Online;B;
578;2015-1-11;2879,54;1;Print;C;
579;2015-12-27;3567;1;Print;D;
580;2015-12-13;4587,54;1;Online;F;
581;2015-11-29;2879;1;Online;G;
582;2015-11-15;6200,54;1;Online;H;
583;2015-11-1;0;3;Online;I;
584;2015-10-18;13945,32;1;Print;J;
585;2015-10-4;1200;4;Online;K;
586;2015-9-20;1900;1;Online;L;
587;2015-9-6;1200;1;Print;M;
588;2015-8-23;2500;1;Print;N;
589;2015-8-9;1200;1;Print;O;
590;2015-7-26;1900;1;Online;P;
591;2015-7-12;1200;1;Print;Y;
592;2015-6-28;2500;1;Print;R;
593;2015-6-14;2500;1;Online;S;
594;2015-5-31;2000;2;Online;T;
595;2015-5-17;12000;2;Online;U;
596;2015-5-3;4500;1;Online;V;
597;2015-4-19;21000;1;Print;W;
598;2015-4-5;1500;1;Online;X;
599;2015-3-22;540;1;Online;Y;
600;2015-3-8;3500;1;Print;Z;
601;2015-2-22;3400;1;Print;A;
602;2015-2-8;2000;1;Print;B;
603;2015-1-25;1500;1;Online;C;
604;2015-1-11;1300;1;Print;D;
605;2015-12-27;1500;1;Print;F;
606;2015-12-13;1400,45;1;Online;G;
607;2015-11-29;4500,90;1;Online;H;
608;2015-11-15;1234;5;Online;I;
609;2015-11-1;2456,70;2;Online;J;
610;2015-10-18;1456,57;2;Print;K;
611;2015-10-4;1200,76;2;Online;L;
612;2015-9-20;1200,76;2;Online;M;
613;2015-9-6;1200,65;1;Print;N;
614;2015-8-23;1200,76;1;Print;O;
615;2015-8-9;1200,43;1;Print;P;
616;2015-7-26;1200,76;1;Online;Y;
617;2015-7-12;1200,76;1;Print;R;
618;2015-6-28;1200,76;1;Print;S;
619;2015-6-14;1500,56;3;Online;T;
620;2015-5-31;35690,98;1;Online;U;
621;2015-5-17;3567;4;Online;V;
622;2015-5-3;4587;1;Online;W;
623;2015-4-19;2879;1;Print;X;
624;2015-4-5;5690,87;1;Online;Y;
625;2015-3-22;3567;1;Online;Z;
626;2015-3-8;4587;1;Print;A;
627;2015-2-22;2879,54;1;Print;B;
628;2015-2-8;3567;1;Print;C;
629;2015-1-25;4587,54;1;Online;D;
630;2015-1-11;2879;2;Print;F;
631;2015-12-27;6200,54;2;Print;G;
632;2015-12-13;0;1;Online;H;
633;2015-11-29;13945,32;1;Online;I;
634;2015-11-15;1200;1;Online;J;
635;2015-11-1;1900;1;Online;K;
636;2015-10-18;1200;1;Print;L;
637;2015-10-4;2500;1;Online;M;
638;2015-9-20;1200;1;Online;N;
639;2015-9-6;1900;1;Print;O;
640;2015-8-23;1200;1;Print;P;
641;2015-8-9;2500;1;Print;Y;
642;2015-7-26;2500;1;Online;R;
643;2015-7-12;2000;1;Print;S;
644;2015-6-28;12000;5;Print;T;
645;2015-6-14;4500;2;Online;U;
646;2015-5-31;21000;2;Online;V;
647;2015-5-17;1500;2;Online;W;
648;2015-5-3;540;2;Online;X;
649;2015-4-19;3500;1;Print;Y;
650;2015-4-5;3400;1;Online;Z;
651;2015-3-22;2000;1;Online;A;
652;2015-3-8;1500;1;Print;B;
653;2015-2-22;1300;1;Print;C;
654;2015-2-8;1500;1;Print;D;
655;2015-1-25;1400,45;3;Online;F;
656;2015-1-11;4500,90;1;Print;G;
657;2015-12-27;1234;4;Print;H;
658;2015-12-13;2456,70;1;Online;I;
659;2015-11-29;1456,57;1;Online;J;
660;2015-11-15;1200,76;1;Online;K;
661;2015-11-1;1200,76;1;Online;L;
662;2015-10-18;1200,65;1;Print;M;
663;2015-10-4;1200,76;1;Online;N;
664;2015-9-20;1200,43;1;Online;O;
665;2015-9-6;1200,76;1;Print;P;
666;2015-8-23;1200,76;2;Print;Y;
667;2015-8-9;1200,76;2;Print;R;
668;2015-7-26;1500,56;1;Online;S;
669;2015-7-12;35690,98;1;Print;T;
670;2015-6-28;3567;1;Print;U;
671;2015-6-14;4587;1;Online;V;
672;2015-5-31;2879;1;Online;W;
673;2015-5-17;5690,87;1;Online;X;
674;2015-5-3;3567;1;Online;Y;
675;2015-4-19;4587;1;Print;Z;
676;2015-4-5;2879,54;1;Online;A;
677;2015-3-22;3567;1;Online;B;
678;2015-3-8;4587,54;1;Print;C;
679;2015-2-22;2879;1;Print;D;
680;2015-2-8;6200,54;5;Print;F;
681;2015-1-25;0;2;Online;G;
682;2015-1-11;13945,32;2;Print;H;
683;2015-12-27;1200;2;Print;I;
684;2015-12-13;1900;2;Online;J;
685;2015-11-29;1200;1;Online;K;
686;2015-11-15;2500;1;Online;L;
687;2015-11-1;1200;1;Online;M;
688;2015-10-18;1900;1;Print;N;
689;2015-10-4;1200;1;Online;O;
690;2015-9-20;2500;1;Online;P;
691;2015-9-6;2500;3;Print;Y;
692;2015-8-23;2000;1;Print;R;
693;2015-8-9;12000;4;Print;S;
694;2015-7-26;4500;1;Online;T;
695;2015-7-12;21000;1;Print;U;
696;2015-6-28;1500;1;Print;V;
697;2015-6-14;540;1;Online;W;
698;2015-5-31;3500;1;Online;X;
699;2015-5-17;3400;1;Online;Y;
700;2015-5-3;2000;1;Online;Z;
701;2015-4-19;1500;1;Print;A;
702;2015-4-5;1300;2;Online;B;
703;2015-3-22;1500;2;Online;C;
704;2015-3-8;1400,45;1;Print;D;
705;2015-2-22;4500,90;1;Print;F;
706;2015-2-8;1234;1;Print;G;
707;2015-1-25;2456,70;1;Online;H;
708;2015-1-11;1456,57;1;Print;I;
709;2015-12-27;1200,76;1;Print;J;
710;2015-12-13;1200,76;1;Online;K;
711;2015-11-29;1200,65;1;Online;L;
712;2015-12-27;1200,76;1;Online;M;
713;2015-12-13;1200,43;1;Online;N;
714;2015-11-29;1200,76;1;Print;O;
715;2015-11-15;1200,76;1;Online;P;
716;2015-11-1;1200,76;5;Online;Y;
717;2015-10-18;1500,56;2;Print;R;
718;2015-10-4;35690,98;2;Print;S;
719;2015-9-20;3567;2;Print;T;
720;2015-9-6;4587;2;Online;U;
721;23.8.2016;2879;1;Print;V;
722;2015-8-9;5690,87;1;Print;W;
723;2015-7-26;3567;1;Online;X;
724;2015-7-12;4587;1;Online;Y;
725;2015-6-28;2879,54;1;Online;Z;
726;14.6.2017;3567;1;Online;A;
727;2015-5-31;4587,54;3;Print;B;
728;2015-5-17;2879;1;Online;C;
729;2015-5-3;6200,54;4;Online;D;
730;2015-4-19;0;1;Print;F;
731;2015-4-5;13945,32;1;Print;G;
732;2015-3-22;1200;1;Print;H;
733;2015-3-8;1900;1;Online;I;
734;2015-2-22;1200;1;Print;J;
735;2015-2-8;2500;1;Print;K;
736;2015-1-25;1200;1;Online;L;
737;2015-1-11;1900;1;Online;M;
738;2015-12-27;1200;2;Online;N;
739;2015-12-13;2500;2;Online;O;
740;2015-11-29;2500;1;Print;P;
741;2015-11-15;2000;1;Online;Y;
742;2015-11-1;12000;1;Online;R;
743;2015-10-18;4500;1;Print;S;
744;2015-10-4;21000;1;Print;T;
745;2015-9-20;1500;1;Print;U;
746;2015-9-6;540;1;Online;V;
747;2015-8-23;3500;1;Print;W;
748;2015-8-9;3400;1;Print;X;
749;2015-7-26;2000;1;Online;Y;
750;2015-7-12;1500;1;Online;Z;
751;2015-6-28;1300;1;Online;A;
752;2015-6-14;1500;5;Online;B;
753;2015-5-31;1400,45;2;Print;C;
754;2015-5-17;4500,90;2;Online;D;
755;2015-5-3;1234;2;Online;F;
756;2015-4-19;2456,70;2;Print;G;
757;2015-4-5;1456,57;1;Print;H;
758;2015-3-22;1200,76;1;Print;I;
759;2015-3-8;1200,76;1;Online;J;
760;2015-2-22;1200,65;1;Print;K;
761;2015-2-8;1200,76;1;Print;L;
762;2015-1-25;1200,43;1;Online;M;
763;2015-1-11;1200,76;3;Online;N;
764;2015-12-27;1200,76;1;Online;O;
765;2015-12-13;1200,76;4;Online;P;
766;2015-11-29;1500,56;1;Print;Y;
767;2015-11-15;35690,98;1;Online;R;
768;2015-11-1;3567;1;Online;S;
769;2015-10-18;4587;1;Print;T;
770;2015-10-4;2879;1;Print;U;
771;2015-9-20;5690,87;1;Print;V;
772;2015-9-6;3567;1;Online;W;
773;2015-8-23;4587;1;Print;X;
774;2015-8-9;2879,54;2;Print;Y;
775;2015-7-26;3567;2;Online;Z;
776;2015-7-12;4587,54;1;Online;A;
777;2015-6-28;2879;1;Online;B;
778;2015-6-14;6200,54;1;Online;C;
779;2015-5-31;0;1;Print;D;
780;2015-5-17;13945,32;1;Online;F;
781;2015-5-3;1200;1;Online;G;
782;2015-4-19;1900;1;Print;H;
783;2015-4-5;1200;1;Print;I;
784;2015-3-22;2500;1;Print;J;
785;2015-3-8;1200;1;Online;K;
786;2015-2-22;1900;1;Print;L;
787;2015-2-8;1200;1;Print;M;
788;2015-1-25;2500;5;Online;N;
789;2015-1-11;2500;2;Online;O;
790;2015-12-27;2000;2;Online;P;
791;2015-12-13;12000;2;Online;Y;
792;2015-11-29;4500;2;Print;R;
793;2015-11-15;21000;1;Online;S;
794;2015-11-1;1500;1;Online;T;
795;2015-10-18;540;1;Print;U;
796;2015-10-4;3500;1;Print;V;
797;2015-9-20;3400;1;Print;W;
798;2015-9-6;2000;1;Online;X;
799;2015-8-23;1500;3;Print;Y;
800;2015-8-9;1300;1;Print;Z;
801;2015-7-26;1500;4;Online;A;
802;2015-7-12;1400,45;1;Online;B;
803;2015-6-28;4500,90;1;Online;C;
804;2015-6-14;1234;1;Online;D;
805;2015-5-31;2456,70;1;Print;F;
806;2015-5-17;1456,57;1;Online;G;
807;2015-5-3;1200,76;1;Online;H;
808;2015-4-19;1200,76;1;Print;I;
809;2015-4-5;1200,65;1;Print;J;
810;2015-3-22;1200,76;2;Print;K;
811;2015-3-8;1200,43;2;Online;L;
812;2015-2-22;1200,76;1;Print;M;
813;2015-2-8;1200,76;1;Print;N;
814;2015-1-25;1200,76;1;Online;O;
815;2015-1-11;1500,56;1;Online;P;
816;2015-12-27;35690,98;1;Online;Y;
817;2015-12-13;3567;1;Online;R;
818;2015-11-29;4587;1;Print;S;
819;2015-11-15;2879;1;Online;T;
820;2015-11-1;5690,87;1;Online;U;
821;2015-10-18;3567;1;Print;V;
822;2015-10-4;4587;1;Print;W;
823;2015-9-20;2879,54;1;Print;X;
824;2015-9-6;3567;5;Online;Y;
825;2015-8-23;4587,54;2;Print;Z;
826;2015-8-9;2879;2;Print;A;
827;2015-7-26;6200,54;2;Online;B;
828;2015-7-12;0;2;Online;C;
829;2015-6-28;13945,32;1;Online;D;
830;2015-6-14;1200;1;Online;F;
831;2015-5-31;1900;1;Print;G;
832;2015-5-17;1200;1;Online;H;
833;2015-5-3;2500;1;Online;I;
834;2015-4-19;1200;1;Print;J;
835;2015-4-5;1900;3;Print;K;
836;2015-3-22;1200;1;Print;L;
837;2015-3-8;2500;4;Online;M;
838;2015-2-22;2500;1;Print;N;
839;2015-2-8;2000;1;Print;O;
840;2015-1-25;12000;1;Online;P;
841;2015-1-11;4500;1;Online;Y;
842;2015-12-27;21000;1;Online;R;
843;2015-12-13;1500;1;Online;S;
844;2015-11-29;540;1;Print;T;
845;2015-11-15;3500;1;Online;U;
846;2015-11-1;3400;2;Online;V;
847;2015-10-18;2000;2;Print;W;
848;2015-10-4;1500;1;Print;X;
849;2015-9-20;1300;1;Print;Y;
850;2015-9-6;1500;1;Online;Z;
851;2015-8-23;1400,45;1;Print;A;
852;2015-8-9;4500,90;1;Print;B;
853;2015-7-26;1234;1;Online;C;
854;2015-7-12;2456,70;1;Online;D;
855;2015-6-28;1456,57;1;Online;F;
856;2015-6-14;1200,76;1;Online;G;
857;2015-5-31;1200,76;1;Print;H;
858;2015-5-17;1200,65;1;Online;I;
859;2015-5-3;1200,76;1;Online;J;
860;2015-4-19;1200,43;5;Print;K;
861;2015-4-5;1200,76;2;Print;L;
862;2015-3-22;1200,76;2;Print;M;
863;2015-3-8;1200,76;2;Online;N;
864;2015-2-22;1500,56;2;Print;O;
865;2015-2-8;35690,98;1;Print;P;
866;2015-1-25;3567;1;Online;Y;
867;2015-1-11;4587;1;Online;R;
868;2015-12-27;2879;1;Online;S;
869;2015-12-13;5690,87;1;Online;T;
870;2015-11-29;3567;1;Print;U;
871;2015-11-15;4587;3;Online;V;
872;2015-11-1;2879,54;1;Online;W;
873;2015-10-18;3567;4;Print;X;
874;2015-10-4;4587,54;1;Print;Y;
875;2015-9-20;2879;1;Print;Z;
876;2015-9-6;6200,54;1;Online;A;
877;2015-8-23;0;1;Print;B;
878;2015-8-9;13945,32;1;Print;C;
879;2015-7-26;1200;1;Online;D;
880;2015-7-12;1900;1;Online;F;
881;2015-6-28;1200;1;Online;G;
882;2015-6-14;2500;2;Online;H;
883;2015-5-31;1200;2;Print;I;
884;2015-5-17;1900;1;Online;J;
885;2015-5-3;1200;1;Online;K;
886;2015-4-19;2500;1;Print;L;
887;2015-4-5;2500;1;Print;M;
888;2015-3-22;2000;1;Print;N;
889;2015-3-8;12000;1;Online;O;
890;2015-2-22;4500;1;Print;P;
891;2015-2-8;21000;1;Print;Y;
892;2015-1-25;1500;1;Online;R;
893;2015-1-11;540;1;Online;S;
894;2015-12-27;3500;1;Online;T;
895;2015-12-13;3400;1;Online;U;
896;2015-11-29;2000;5;Print;V;
897;2015-11-15;1500;2;Online;W;
898;2015-11-1;1300;2;Online;X;
899;2015-10-18;1500;2;Print;Y;
900;2015-10-4;1400,45;2;Print;Z;
901;2015-9-20;4500,90;1;Print;A;
902;2015-9-6;1234;1;Online;B;
903;2015-8-23;2456,70;1;Print;C;
904;2015-8-9;1456,57;1;Print;D;
905;2015-7-26;1200,76;1;Online;F;
906;2015-7-12;1200,76;1;Online;G;
907;2015-6-28;1200,65;3;Online;H;
908;2015-6-14;1200,76;1;Online;I;
909;2015-5-31;1200,43;4;Print;J;
910;2015-5-17;1200,76;1;Online;K;
911;2015-5-3;1200,76;1;Online;L;
912;2015-4-19;1200,76;1;Print;M;
913;2015-4-5;1500,56;1;Print;N;
914;2015-3-22;35690,98;1;Print;O;
915;2015-3-8;3567;1;Online;P;
916;2015-2-22;4587;1;Print;Y;
917;2015-2-8;2879;1;Print;R;
918;2015-1-25;5690,87;2;Online;S;
919;2015-1-11;3567;2;Online;T;
920;2015-12-27;4587;1;Online;U;
921;2015-12-13;2879,54;1;Online;V;
922;2015-11-29;3567;1;Print;W;
923;2015-11-15;4587,54;1;Online;X;
924;2015-11-1;2879;1;Online;Y;
925;2015-10-18;6200,54;1;Print;Z;
926;2015-10-4;0;1;Print;A;
927;2015-9-20;13945,32;1;Print;B;
928;2015-9-6;1200;1;Online;C;
929;2015-8-23;1900;1;Print;D;
930;2015-8-9;1200;1;Print;F;
931;2015-7-26;2500;1;Online;G;
932;2015-7-12;1200;5;Online;H;
933;2015-6-28;1900;2;Online;I;
934;2015-6-14;1200;2;Online;J;
935;2015-5-31;2500;2;Print;K;
936;2015-5-17;2500;2;Online;L;
937;2015-5-3;2000;1;Online;M;
938;2015-4-19;12000;1;Print;N;
939;2015-4-5;4500;1;Print;O;
940;2015-3-22;21000;1;Print;P;
941;2015-3-8;1500;1;Online;Y;
942;2015-2-22;540;1;Print;R;
943;2015-2-8;3500;3;Print;S;
944;2015-1-25;3400;1;Online;T;
945;2015-1-11;2000;4;Online;U;
946;2015-12-27;1500;1;Online;V;
947;2015-12-13;1300;1;Online;W;
948;2015-11-29;1500;1;Print;X;
949;2015-12-27;1400,45;1;Online;Y;
950;2015-12-13;4500,90;1;Online;Z;
951;2015-11-29;1234;1;Print;A;
952;2015-11-15;2456,70;1;Print;B;
953;2015-11-1;1456,57;1;Print;C;
954;2015-10-18;1200,76;2;Online;D;
955;2015-10-4;1200,76;2;Print;F;
956;2015-9-20;1200,65;1;Print;G;
957;2015-9-6;1200,76;1;Online;H;
958;23.8.2016;1200,43;1;Online;I;
959;2015-8-9;1200,76;1;Online;J;
960;2015-7-26;1200,76;1;Online;K;
961;2015-7-12;1200,76;1;Print;L;
962;2015-6-28;1500,56;1;Online;M;
963;14.6.2017;35690,98;1;Online;N;
964;2015-5-31;3567;1;Print;O;
965;2015-5-17;4587;1;Print;P;
966;2015-5-3;2879;1;Print;Y;
967;2015-4-19;5690,87;1;Online;R;
968;2015-4-5;3567;5;Print;S;
969;2015-3-22;4587;2;Print;T;
970;2015-3-8;2879,54;2;Online;U;
971;2015-2-22;3567;2;Online;V;
972;2015-2-8;4587,54;2;Online;W;
973;2015-1-25;2879;1;Online;X;
974;2015-1-11;6200,54;1;Print;Y;
975;2015-12-27;0;1;Online;Z;
976;2015-12-13;13945,32;1;Online;A;
977;2015-11-29;1200;1;Print;B;
978;2015-11-15;1900;1;Print;C;
979;2015-11-1;1200;3;Print;D;
980;2015-10-18;2500;1;Online;F;
981;2015-10-4;1200;4;Print;G;
982;2015-9-20;1900;1;Print;H;
983;2015-9-6;1200;1;Online;I;
984;2015-8-23;2500;1;Online;J;
985;2015-8-9;2500;1;Online;K;
986;2015-7-26;2000;1;Online;L;
987;2015-7-12;12000;1;Print;M;
988;2015-6-28;4500;1;Online;N;
989;2015-6-14;21000;1;Online;O;
990;2015-5-31;1500;2;Print;P;
991;2015-5-17;540;2;Print;Y;
992;2015-5-3;3500;1;Print;R;
993;2015-4-19;3400;1;Online;S;
994;2015-4-5;2000;1;Print;T;
995;2015-3-22;1500;1;Print;U;
996;2015-3-8;1300;1;Online;V;
997;2015-2-22;1500;1;Online;W;
998;2015-2-8;1400,45;1;Online;X;
999;2015-1-25;4500,90;1;Online;Y;
1000;2015-1-11;1234;1;Print;Z;
1001;2015-12-27;2456,70;1;Online;A;
1002;2015-12-13;1456,57;1;Online;B;
1003;2015-11-29;1200,76;1;Print;C;
1004;2015-11-15;1200,76;5;Print;D;
1005;2015-11-1;1200,65;2;Print;F;
1006;2015-10-18;1200,76;2;Online;G;
1007;2015-10-4;1200,43;2;Print;H;
1008;2015-9-20;1200,76;2;Print;I;
1009;2015-9-6;1200,76;1;Online;J;
1010;2015-8-23;1200,76;1;Online;K;
1011;2015-8-9;1500,56;1;Online;L;
1012;2015-7-26;35690,98;1;Online;M;
1013;2015-7-12;3567;1;Print;N;
1014;2015-6-28;4587;1;Online;O;
1015;2015-6-14;2879;3;Online;P;
1016;2015-5-31;5690,87;1;Print;Y;
1017;2015-5-17;3567;4;Print;R;
1018;2015-5-3;4587;1;Print;S;
1019;2015-4-19;2879,54;1;Online;T;
1020;2015-4-5;3567;1;Print;U;
1021;2015-3-22;4587,54;1;Print;V;
1022;2015-3-8;2879;1;Online;W;
1023;2015-2-22;6200,54;1;Online;X;
1024;2015-2-8;0;1;Online;Y;
1025;2015-1-25;13945,32;1;Online;Z;
1026;2015-1-11;1200;2;Print;A;
1027;2015-12-27;1900;2;Online;B;
1028;2015-12-13;1200;1;Online;C;
1029;2015-11-29;2500;1;Print;D;
1030;2015-11-15;1200;1;Print;F;
1031;2015-11-1;1900;1;Print;G;
1032;2015-10-18;1200;1;Online;H;
1033;2015-10-4;2500;1;Print;I;
1034;2015-9-20;2500;1;Print;J;
1035;2015-9-6;2000;6;Online;K;
1036;2015-8-23;12000;1;Online;L;
1037;2015-8-9;4500;1;Online;M;
1038;2015-7-26;21000;1;Online;N;
1039;2015-7-12;1500;1;Print;O;
1040;2015-6-28;540;5;Online;P;
1041;2015-6-14;3500;2;Online;Y;
1042;2015-5-31;3400;2;Print;R;
1043;2015-5-17;2000;2;Print;S;
1044;2015-5-3;1500;2;Print;T;
1045;2015-4-19;1300;1;Online;U;
1046;2015-4-5;1500;1;Print;V;
1047;2015-3-22;1400,45;1;Print;W;
1048;2015-3-8;4500,90;1;Online;X;
1049;2015-2-22;1234;1;Online;Y;
1050;2015-2-8;2456,70;1;Online;Z;
1051;2015-1-25;1456,57;3;Online;A;
1052;2015-1-11;1200,76;1;Print;B;
1053;2015-12-27;1200,76;4;Online;C;
1054;2015-12-13;1200,65;1;Online;D;
1055;2015-11-29;1200,76;1;Print;F;
1056;2015-11-15;1200,43;1;Print;G;
1057;2015-11-1;1200,76;1;Print;H;
1058;2015-10-18;1200,76;1;Online;I;
1059;2015-10-4;1200,76;1;Print;J;
1060;2015-9-20;1500,56;1;Print;K;
1061;2015-9-6;35690,98;1;Online;L;
1062;2015-8-23;3567;2;Online;M;
1063;2015-8-9;4587;2;Online;N;
1064;2015-7-26;2879;1;Online;O;
1065;2015-7-12;5690,87;1;Print;P;
1066;2015-6-28;3567;1;Online;Y;
1067;2015-6-14;4587;1;Online;R;
1068;2015-5-31;2879,54;1;Print;S;
1069;2015-5-17;3567;1;Print;T;
1070;2015-5-3;4587,54;1;Print;U;
1071;2015-4-19;2879;1;Online;V;
1072;2015-4-5;6200,54;1;Print;W;
1073;2015-3-22;0;1;Print;X;
1074;2015-3-8;13945,32;1;Online;Y;
1075;2015-2-22;1200;1;Online;Z;
1076;2015-2-8;1900;5;Online;A;
1077;2015-1-25;1200;2;Online;B;
1078;2015-1-11;2500;2;Print;C;
1079;2015-12-27;1200;2;Online;D;
1080;2015-12-13;1900;2;Online;F;
1081;2015-11-29;1200;1;Print;G;
1082;2015-11-15;2500;1;Print;H;
1083;2015-11-1;2500;1;Print;I;
1084;2015-10-18;2000;1;Online;J;
1085;2015-10-4;12000;1;Print;K;
1086;2015-9-20;4500;1;Print;L;
1087;2015-9-6;21000;3;Online;M;
1088;2015-8-23;1500;1;Online;N;
1089;2015-8-9;540;4;Online;O;
1090;2015-7-26;3500;1;Online;P;
1091;2015-7-12;3400;1;Print;Y;
1092;2015-6-28;2000;1;Online;R;
1093;2015-6-14;1500;1;Online;S;
1094;2015-5-31;1300;1;Print;T;
1095;2015-5-17;1500;1;Print;U;
1096;2015-5-3;1400,45;1;Print;V;
1097;2015-4-19;4500,90;1;Online;W;
1098;2015-4-5;1234;2;Print;X;
1099;2015-3-22;2456,70;2;Print;Y;
1100;2015-3-8;1456,57;1;Online;Z;
1101;2015-2-22;1200,76;1;Online;A;
1102;2015-2-8;1200,76;1;Online;B;
1103;2015-1-25;1200,65;1;Online;C;
1104;2015-1-11;1200,76;1;Print;D;
1105;2015-12-27;1200,43;1;Online;F;
1106;2015-12-13;1200,76;1;Online;G;
1107;2015-11-29;1200,76;1;Print;H;
1108;2015-11-15;1200,76;1;Print;I;
1109;2015-11-1;1500,56;1;Print;J;
1110;2015-10-18;35690,98;1;Online;K;
1111;2015-10-4;3567;1;Print;L;
1112;2015-9-20;4587;5;Print;M;
1113;2015-9-6;2879;2;Online;N;
1114;2015-8-23;5690,87;2;Online;O;
1115;2015-8-9;3567;2;Online;P;
1116;2015-7-26;4587;2;Online;Y;
1117;2015-7-12;2879,54;1;Print;R;
1118;2015-6-28;3567;1;Online;S;
1119;2015-6-14;4587,54;1;Online;T;
1120;2015-5-31;2879;1;Print;U;
1121;2015-5-17;6200,54;1;Print;V;
1122;2015-5-3;0;1;Print;W;
1123;2015-4-19;13945,32;3;Online;X;
1124;2015-4-5;1200;1;Print;Y;
1125;2015-3-22;1900;4;Print;Z;
1126;2015-3-8;1200;1;Online;A;
1127;2015-2-22;2500;1;Online;B;
1128;2015-2-8;1200;1;Online;C;
1129;2015-1-25;1900;1;Online;D;
1130;2015-1-11;1200;1;Print;F;
1131;2015-12-27;2500;1;Online;G;
1132;2015-12-13;2500;1;Online;H;
1133;2015-11-29;2000;1;Print;I;
1134;2015-11-15;12000;2;Print;J;
1135;2015-11-1;4500;2;Print;K;
1136;2015-10-18;21000;1;Online;L;
1137;2015-10-4;1500;1;Print;M;
1138;2015-9-20;540;1;Print;N;
1139;2015-9-6;3500;1;Online;O;
1140;2015-8-23;3400;1;Online;P;
1141;2015-8-9;2000;1;Online;Y;
1142;2015-7-26;1500;1;Online;R;
1143;2015-7-12;1300;1;Print;S;
1144;2015-6-28;1500;1;Online;T;
1145;2015-6-14;1400,45;1;Online;U;
1146;2015-5-31;4500,90;1;Print;V;
1147;2015-5-17;1234;1;Print;W;
1148;2015-5-3;2456,70;5;Print;X;
1149;2015-4-19;1456,57;2;Online;Y;
1150;2015-4-5;1200,76;2;Print;Z;
1151;2015-3-22;1200,76;2;Print;A;
1152;2015-3-8;1200,65;2;Online;B;
1153;2015-2-22;1200,76;1;Online;C;
1154;2015-2-8;1200,43;1;Online;D;
1155;2015-1-25;1200,76;1;Online;F;
1156;2015-1-11;1200,76;1;Print;G;
1157;2015-12-27;1200,76;1;Online;H;
1158;2015-12-13;1500,56;1;Online;I;
1159;2015-11-29;35690,98;3;Print;J;
1160;2015-11-15;3567;1;Print;K;
1161;2015-11-1;4587;4;Print;L;
1162;2015-10-18;2879;1;Online;M;
1163;2015-10-4;5690,87;1;Print;N;
1164;2015-9-20;3567;1;Print;O;
1165;2015-9-6;4587;1;Online;P;
1166;2015-8-23;2879,54;1;Online;Y;
1167;2015-8-9;3567;1;Online;R;
1168;2015-7-26;4587,54;1;Online;S;
1169;2015-7-12;2879;1;Print;T;
1170;2015-6-28;6200,54;2;Online;U;
1171;2015-6-14;0;2;Online;V;
1172;2015-5-31;13945,32;1;Print;W;
1173;2015-5-17;1200;1;Print;X;
1174;2015-5-3;1900;1;Print;Y;
1175;2015-4-19;1200;1;Online;Z;
1176;2015-4-5;2500;1;Print;A;
1177;2015-3-22;1200;1;Print;B;
1178;2015-3-8;1900;1;Online;C;
1179;2015-2-22;1200;1;Online;D;
1180;2015-2-8;2500;1;Online;F;
1181;2015-1-25;2500;1;Online;G;
1182;2015-1-11;2000;1;Print;H;
1183;2015-12-27;12000;1;Online;I;
1184;2015-12-13;4500;5;Online;J;
1185;2015-11-29;21000;2;Print;K;
1186;2015-12-27;1500;2;Print;L;
1187;2015-12-13;540;2;Print;M;
1188;2015-11-29;3500;2;Online;N;
1189;2015-11-15;3400;1;Print;O;
1190;2015-11-1;2000;1;Print;P;
1191;2015-10-18;1500;1;Online;Y;
1192;2015-10-4;1300;1;Online;R;
1193;2015-9-20;1500;1;Online;S;
1194;2015-9-6;1400,45;1;Online;T;
1195;23.8.2016;4500,90;3;Print;U;
1196;2015-8-9;1234;1;Online;V;
1197;2015-7-26;2456,70;4;Online;W;
1198;2015-7-12;1456,57;1;Print;X;
1199;2015-6-28;1200,76;1;Print;Y;
1200;14.6.2017;1200,76;1;Print;Z;
1201;2015-5-31;1200,65;1;Online;A;
1202;2015-5-17;1200,76;1;Print;B;
1203;2015-5-3;1200,43;1;Print;C;
1204;2015-4-19;1200,76;1;Online;D;
1205;2015-4-5;1200,76;1;Online;F;
1206;2015-3-22;1200,76;2;Online;G;
1207;2015-3-8;1500,56;2;Online;H;
1208;2015-2-22;35690,98;1;Print;I;
1209;2015-2-8;3567;1;Online;J;
1210;2015-1-25;4587;1;Online;K;
1211;2015-1-11;2879;1;Print;L;
1212;2015-12-27;5690,87;1;Print;M;
1213;2015-12-13;3567;1;Print;N;
1214;2015-11-29;4587;1;Online;O;
1215;2015-11-15;2879,54;1;Print;P;
1216;2015-11-1;3567;1;Print;Y;
1217;2015-10-18;4587,54;1;Online;R;
1218;2015-10-4;2879;1;Online;S;
1219;2015-9-20;6200,54;1;Online;T;
1220;2015-9-6;0;5;Online;U;
1221;2015-8-23;13945,32;2;Print;V;
1222;2015-8-9;1200;2;Online;W;
1223;2015-7-26;1900;2;Online;X;
1224;2015-7-12;1200;2;Print;Y;
1225;2015-6-28;2500;1;Print;Z;
1226;2015-6-14;1200;1;Print;A;
1227;2015-5-31;1900;1;Online;B;
1228;2015-5-17;1200;1;Print;C;
1229;2015-5-3;2500;1;Print;D;
1230;2015-4-19;2500;1;Online;F;
1231;2015-4-5;2000;3;Online;G;
1232;2015-3-22;12000;1;Online;H;
1233;2015-3-8;4500;4;Online;I;
1234;2015-2-22;21000;1;Print;J;
1235;2015-2-8;1500;1;Online;K;
1236;2015-1-25;540;1;Online;L;
1237;2015-1-11;3500;1;Print;M;
1238;2015-12-27;3400;1;Print;N;
1239;2015-12-13;2000;1;Print;O;
1240;2015-11-29;1500;1;Online;P;
1241;2015-11-15;1300;1;Print;Y;
1242;2015-11-1;1500;2;Print;R;
1243;2015-10-18;1400,45;2;Online;S;
1244;2015-10-4;4500,90;1;Online;T;
1245;2015-9-20;1234;1;Online;U;
1246;2015-9-6;2456,70;1;Online;V;
1247;2015-8-23;1456,57;1;Print;W;
1248;2015-8-9;1200,76;1;Online;X;
1249;2015-7-26;1200,76;1;Online;Y;
1250;2015-7-12;1200,65;1;Print;Z;
1251;2015-6-28;1200,76;1;Print;A;
1252;2015-6-14;1200,43;1;Print;B;
1253;2015-5-31;1200,76;1;Online;C;
1254;2015-5-17;1200,76;1;Print;D;
1255;2015-5-3;1200,76;1;Print;F;
1256;2015-4-19;1500,56;5;Online;G;
1257;2015-4-5;35690,98;2;Online;H;
1258;2015-3-22;3567;2;Online;I;
1259;2015-3-8;4587;2;Online;J;
1260;2015-2-22;2879;2;Print;K;
1261;2015-2-8;5690,87;1;Online;L;
1262;2015-1-25;3567;1;Online;M;
1263;2015-1-11;4587;1;Print;N;
1264;2015-12-27;2879,54;1;Print;O;